时间,块hash,备注
2020/12/6 2:12,000000000000000000038f619a6a66cbaec8e7758d2b2ae05698b7db650c2aee," 2020-12-06 09:55:45
UTC: 2020-12-06 01:55:45爆了一个块
"
2020/12/6 2:16,00000000000000000004521d3c32a56cf4f5276f2902fa49fefe6ea6a296e604,
2020/12/6 4:37,00000000000000000001c21daeca74aff065ff17e51bafe3f2cf6db9bfd25e04,UTC时间6点，北京时间14点网络波动
2020/12/6 7:56,00000000000000000002b7e2cb141c9c3f32f23ee8f86bed713ff074c01633e8,
2020/12/6 8:37,0000000000000000000dc43bf304514ed4ecd8fa88f8a04d67052df7c49e3fe3,
2020/12/6 10:14,00000000000000000008792c978e7987b014cbe9415e76b72468336c81aa72b4,
2020/12/6 10:21,000000000000000000040b98dd13b0b9d7384ead52f4ec2ef3dddc704799a836,
2020/12/6 12:20,0000000000000000000700f0521b08dea04021433b61b08f4f8a5b364da58323,
2020/12/6 17:05,0000000000000000000ceb49a78b654779a0014c607cd7f5ec83ab3d6200f85f,
2020/12/6 18:05,0000000000000000000afb077c2e635c9b2af928ae1d178da1d921525b4be588,
2020/12/6 18:17,00000000000000000002bed19edbd8ce3fdc318ce62fef1b082727e72d2fc37a,
2020/12/6 18:43,0000000000000000000a6eb245fa0fa889ff8bbe18e7e65fc08dec963107ef9c,
2020/12/6 18:44,0000000000000000000d041a171e8c4848cf2cfb6a0a2fc4a78627b88d6348f3,
2020/12/6 19:39,00000000000000000009f38d6ddb5c90fa38a15e3d64c464d411598d3e7b84ad,
2020/12/6 20:13,0000000000000000000a47b8f4d8589bea3c9c548a55addfd5ee090f501917e2,
2020/12/6 20:32,00000000000000000000f127d189527c5ffb76d5475f775943989e63a091764f,
2020/12/6 21:39,00000000000000000004aa3dff6de9e87d032952ff09c6e1297b8c40f4c413d7,
2020/12/6 21:48,000000000000000000013e833f9bd4cec419af6dbd69a0f6c389e2d9f3e1fc80,
2020/12/6 22:49,000000000000000000020a91a4bd52e1ee447fad7007000a4f65149fdf5a259a,
2020/12/6 23:26,00000000000000000000d7e0a878dd6cb0f0823f6be3c12a823257a691affe0d,
