Ê±¼ä,¿éhash
2020/12/7 5:12,0000000000000000000107c8679beb5835bff8327a52963509f5d8877a90352c
2020/12/7 7:17,0000000000000000000beca92f1cb4b00f8bc262a34604c0d82b9eec533c618b
2020/12/7 20:36,0000000000000000000623c6da26f2643ed6e549abf6f92f69177ef523e2ec8b
2020/12/7 6:29,00000000000000000009d84826689ffa504927254de09137507f6ae4b600b5f5
2020/12/7 12:08,0000000000000000000cb43be52e2be13f897cdf66ace117dac856305fa3c284
2020/12/7 14:55,0000000000000000000279c555768f9fe93c4b58c93cbd50edf13229ab45c1bb
2020/12/7 15:08,000000000000000000078f451007998832686365177a711afef61f018d479fe8
2020/12/7 18:43,0000000000000000000391f3d3ffc3be9813b5c1063a555012a48acbd711ae95
2020/12/7 21:49,000000000000000000041374b52ef373c8e3e8b0eee807669ebadb18c60fb2db
2020/12/7 22:40,0000000000000000000d0da2343ebf59d6788c3b9df0061b022961c6b63f585b
2020/12/7 7:50,000000000000000000078d2dc30aaf9aea07cabd1a89416cf1a9893a8fc848df
2020/12/7 18:44,000000000000000000093e0ab1dd8881db9c5ddc9c35b285c33cbccf3ae7a5bf
2020/12/7 3:29,000000000000000000056e07099f94be9da6c4da7e0b7500ad78c94cfc6384f7
2020/12/7 5:05,00000000000000000002898d19007d98bbf8bf92d1306970806770c57d0a42d3
2020/12/7 8:00,00000000000000000009c1ca136204932ddf34b4af29793fb819b841d4dce07b
2020/12/7 18:59,0000000000000000000a8c55f5481c4a52347a655c3bb92c221a265de01afa56
2020/12/7 21:28,00000000000000000006da76a2db281c9fc3bf6127bf3dc63b0e48aa442fee44
2020/12/7 6:11,0000000000000000000560ae231b7f3d945cfa17ad6adaeba0ada28fa115679b
2020/12/7 6:55,00000000000000000004195f7a027ce9fb537e83900f46c3382a3b7dbb78631c
2020/12/7 8:01,0000000000000000000ac0e0a1d0029b81996a51b7aff388feb69950c8fa3656
2020/12/7 8:51,000000000000000000072b0a20a5e7a051a4b7e5099971bac8e6fdd574d53d3e
2020/12/7 13:02,0000000000000000000e1b7fa1453fcff8a44f32ecad7e285070ee55ad4eb930
2020/12/7 21:05,00000000000000000000d400d6b9772a47e085e173a05c7cfb683b5392e37e6b
2020/12/7 21:26,0000000000000000000960e88c475096021804be4a2bc9e538c14eb9489f2205
